file_path,date,title,category,tags,description,lastmod,characters,summary
2025-10-31-vincent-when-you-dont-see-me.md,2025-10-31,Vincent: When You Don't See Me,tce,"tce-vincent, tce, fpmc-retrospective","The man titled by some the Prince of Elysion is more than just the odd man out. He does not belong here, and yet, perhaps none are so human as he.",2025-10-31 21:05,,
2025-07-16-the-fauntleroy-legacy.md,2025-07-16,The Fauntleroy Legacy,tce,"tce-cedric, tce","It is little Cedric, with his bright outlook and optimism, that endures as the best personification of what a young person can be, and his crowning achievement is convincing the Earl of Dorincourt to change his ways.",2025-07-16 14:44,,
2025-06-23-a-persistent-pov.md,2025-06-23,A Persistent POV,tce,"fpmc-retrospective, writing-journey, tce",I am not sure I struggled at all with the first question. This was always Cedric's story.,2025-06-23 10:46,,
2025-06-15-new-beginnings-clear-creative-path.md,2025-06-15,New Beginnings: Eyes on the Path Ahead,blog,"website-update, writing-journey, tce, announcement","After years of writing in different directions, I am ready to commit to a clear creative path and have reorganized this site to reflect that focus.",2025-08-25 12:23,,
fpmc-act-08/2025-01-23-kevin-windfall.md,2025-01-23 20:26,KEVIN 041: Windfall,femputermanchine,"skit, fpmcmain-kevin, act-viii",in which Straud talks to Tomas about the future,2025-02-12 21:19,"Kevin, Myrtle, Vincent, Cedric, Miriam, Jia, Straud, Tomas","Kevin talks with his parents about Skittles and Kix; the coterie speaks with Tomas at the B.V."
fpmc-act-08/2025-01-19-roxxie-lifelongLearning.md,2025-01-22 20:59,ROXXIE 007: Lifelong Learning,femputermanchine,"skit, fpmcmain-roxxie, act-viii",in which Roxanne takes on a new responsibility,2025-01-23 22:55,,
fpmc-act-08/2025-01-14-avael-oxytocin.md,2025-01-14 23:59,AVAEL 019: Oxytocin,femputermanchine,"skit, fpmcmain-avael, act-viii",in which the femBot avoids Newtown Creek,2025-01-17 09:17,,
fpmc-act-08/2025-01-05-vatore-hauteCuisine.md,2025-01-05 21:53,VATORE 014: Haute Cuisine,femputermanchine,"skit, fpmcmain-vatore, act-viii",in which Caleb and Trente entertain a guest,2025-01-12 20:57,,
fpmc-act-08/2025-01-01-straud-houndstooth.md,2025-01-01 00:00,STRAUD 036: Houndstooth,femputermanchine,"skit, fpmcmain-straud, act-viii",in which the Mansion is leveled,2025-01-05 11:56,,
fpmc-act-08/2024-12-19-cedric-potence.md,2024-12-19 23:07,CEDRIC 042: Potence,femputermanchine,"skit, fpmcmain-cedric, act-viii",in which Cedric jumps off a bridge,2024-12-24 13:56,,
fpmc-act-08/2024-12-16-kevin-shadowOfADoubt.md,2024-12-16 21:42,KEVIN 040: Shadow of a Doubt,femputermanchine,"skit, fpmcmain-kevin, act-viii",in which AVAEL airs her grievances,2024-12-21 10:51,,
fpmc-act-08/2024-12-10-mandarc-rocketScience.md,2024-12-10 21:45,MANDARC 023: Rocket Science,femputermanchine,"skit, fpmcmain-mandarc, act-viii",in which the Islander is chided,2024-12-15 21:25,,
fpmc-act-08/2024-11-17-perkins-aStitchInTime.md,2024-11-17 23:59,PERKINS 010: A Stitch In Time,femputermanchine,"skit, fpmcmain-perkins, act-viii",in which Perkins mourns,2024-11-25 17:13,,
ds-pt-02/2024-04-15-episode-0011.md,2024-04-15 21:12,Episode 11,darkshadows,"darkshadows-episodereview, pt-ii",Burke assures Elizabeth he has not returned to cause trouble but he inquires about buying Collinwood.,2024-04-21 20:41,,
ds-pt-02/2024-04-13-episode-0010.md,2024-04-13 21:10,Episode 10,darkshadows,"darkshadows-episodereview, pt-ii",Roger insists that David should be sent away. Burke deceives Carolyn on why he returned.,2024-04-14 21:05,,
ds-pt-02/2024-04-11-episode-0009.md,2024-04-11 20:26,Episode 9,darkshadows,"darkshadows-episodereview, pt-ii",Carolyn tells Victoria the legend of Widows' Hill. Carolyn goes to the Collinsport Inn to see Burke.,2024-04-11 21:30,,
ds-pt-02/2024-04-10-episode-0008.md,2024-04-10 20:37,Episode 8,darkshadows,"darkshadows-episodereview, pt-ii",Carolyn admits to Joe that she loves him and he proposes to her that they marry.,2024-04-10 21:24,,
ds-pt-02/2024-04-09-episode-0007.md,2024-04-09 13:06,Episode 7,darkshadows,"darkshadows-episodereview, pt-ii","After Burke visits Sam, Roger is convinced that Burke has returned to cause trouble for him.",2024-04-09 14:32,,
ds-pt-01/2024-04-08-episode-0006.md,2024-04-08 14:22,Episode 6,darkshadows,"darkshadows-episodereview, pt-i",Victoria attempts to learn why she was hired. Matthew Morgan accuses her of snooping.,2024-04-08 21:03,,
ds-pt-01/2024-04-07-episode-0005.md,2024-04-07 20:47,Episode 5,darkshadows,"darkshadows-episodereview, pt-i",Victoria tells Carolyn about her background as an orphan. Sam Evans relates the story of Josette.,2024-04-07 20:52,,
ds-pt-01/2024-04-05-episode-0004.md,2024-04-05 21:51,Episode 4,darkshadows,"darkshadows-episodereview, pt-i","Elizabeth Collins Stoddard and Roger question Victoria, who later meets David Collins.",2024-04-06 11:06,,
ds-pt-01/2024-04-05-episode-0003.md,2024-04-05 09:43,Episode 3,darkshadows,"darkshadows-episodereview, pt-i","Burke attempts to obtain information on the Collins family from Joe Haskell, Carolyn Stoddard's boyfriend.",2024-04-05 09:50,,
ds-pt-01/2024-04-04-episode-0002.md,2024-04-04 21:06,Episode 2,darkshadows,"darkshadows-episodereview, pt-i","Victoria meets Roger Collins, who is disturbed to learn that Burke Devlin arrived in town on the same train.",2024-04-04 21:13,,
ds-pt-01/2024-04-03-episode-0001.md,2024-04-03 20:55,Episode 1,darkshadows,"darkshadows-episodereview, pt-i",Victoria Winters travels from New York to Collinsport and arrives at Collinwood to serve as governess.,2024-04-04 09:55,,
fpmc-act-08/2024-03-20-straud-corinthians.md,2024-03-20 12:56,STRAUD 035: Corinthians,femputermanchine,"skit, fpmcmain-straud, act-viii",in which Vincent references the New Testament,2024-03-25 12:57,,
fpmc-act-08/2024-03-19-cedric-toScintillate.md,2024-03-19 21:27,CEDRIC 041: To Scintillate,femputermanchine,"skit, fpmcmain-cedric, act-viii",in which Cedric introduces Hua Jia to Kevin Marscapone,2024-03-25 09:27,,
fpmc-act-08/2024-03-18-kealoha-insubordination.md,2024-03-18 22:00,KEALOHA 005: Insubordination,femputermanchine,"skit, fpmcmain-kealoha, act-viii",in which Makoa stops by Sebastian's villa,2024-03-21 12:25,,
fpmc-act-08/2024-03-17-weaslie-average.md,2024-03-17 21:00,WEASLIE 008: Average,femputermanchine,"skit, fpmcmain-weaslie, act-viii",in which Weaslie fights with Perkins,2024-03-20 12:21,,
fpmc-act-08/2024-03-08-cedric-dreamWithinDream.md,2024-03-08 11:17,CEDRIC 040: Dream within Dream,femputermanchine,"skit, fpmcmain-cedric, act-viii",in which Hua Jia is found at Straud Mansion,2024-03-15 13:03,,
fpmc-act-08/2024-02-23-tang-reclamation.md,2024-02-23 12:22,TANG 005: Reclamation,femputermanchine,"skit, fpmcmain-tang, act-viii",in which Vanessa braves the sunset,2024-03-11 12:23,,
fpmc-act-08/2023-12-10-cedric-reconfiguration.md,2023-12-10 11:23,CEDRIC 039: Reconfiguration,femputermanchine,"skit, fpmcmain-cedric, act-viii",in which Cedric sees something he cannot explain,2024-03-11 11:24,,
fpmc-act-08/2023-11-23-straud-lifeWithoutSeasons.md,2023-11-23 12:13,STRAUD 034: Life without Seasons,femputermanchine,"skit, fpmcmain-straud, act-viii",in which the Count meets with Cedric,2024-03-08 12:25,,
fpmc-act-08/2023-10-12-avael-reflection.md,2023-10-12 11:24,AVAEL 018: Reflection,femputermanchine,"skit, fpmcmain-avael, act-viii",in which Mandarc seeks counsel,2024-03-08 11:25,,
fpmc-act-08/2023-09-25-junior-aFairTrade.md,2023-09-25 20:45,JUNIOR 010: A Fair Trade,femputermanchine,"skit, fpmcmain-jr, act-viii",in which Trente rejects an analogy,2024-03-07 20:45,,
fpmc-act-08/2023-09-13-cedric-coastToCoast.md,2023-09-13 10:51,CEDRIC 038: Coast to Coast,femputermanchine,"skit, fpmcmain-cedric, act-viii",in which Cedric speaks with Sebastian,2023-09-14 14:00,,
fpmc-act-08/2023-06-16-straud-flatland.md,2023-06-16 10:06,STRAUD 033: Flatland,femputermanchine,"skit, fpmcmain-straud, act-viii",in which the Count makes a request of Tomas Ortega,2023-06-16 10:06,,
fpmc-act-08/2023-04-27-tang-englishBreakfast.md,2023-04-27 20:45,TANG 004: English Breakfast,femputermanchine,"skit, fpmcmain-tang, act-viii",in which Vanessa is commanded to rise from torpor,2023-04-27 20:46,,
fpmc-act-08/2023-04-25-shelby-fealty.md,2023-04-25 09:33,SHELBY 001: Fealty,femputermanchine,"skit, fpmcmain-shelby, act-viii",in which Shelby debuts,2023-04-25 09:34,,
fpmc-act-08/2023-04-20-mandarc-repeatOffense.md,2023-04-20 21:01,MANDARC 022: Repeat Offense,femputermanchine,"skit, fpmcmain-mandarc, act-viii",in which Mandarc discusses Love,2023-04-20 21:02,,
fpmc-act-08/2023-04-20-behr-incomplete.md,2023-04-20 20:53,BEHR 002: Incomplete,femputermanchine,"etc, fpmcmain-behr, act-viii",in which Yuki doesn't have the full story,2023-04-20 20:54,,
fpmc-act-08/2023-04-19-cedric-sos.md,2023-04-19 20:23,CEDRIC 037: S.O.S.,femputermanchine,"skit, fpmcmain-cedric, act-viii",in which Cedric wars against instruction,2023-04-19 20:23,,
fpmc-act-08/2023-04-16-straud-humility.md,2023-04-16 20:31,STRAUD 032: Humility,femputermanchine,"skit, fpmcmain-straud, act-viii",in which Cedric begins his lessons,2023-04-16 20:32,,
fpmc-act-07/2023-01-31-pidge-hourglass.md,2023-01-31 20:19,PIDGE 013: Hourglass,femputermanchine,"etc, fpmcmain-pidge, act-vii",in which the coterie watches Long Winter,2023-03-23 20:20,,
fpmc-act-07/2023-01-30-pidge-zenith-ii.md,2023-01-30 22:30,PIDGE 012: Zenith II,femputermanchine,"etc, fpmcmain-pidge, act-vii",in which Straud rises,2023-03-03 21:57,,
fpmc-act-07/2023-01-30-pidge-zenith-i.md,2023-01-30 22:00,PIDGE 011: Zenith I,femputermanchine,"etc, fpmcmain-pidge, act-vii",in which Gwydion debuts,2023-03-02 20:47,,
fpmc-act-07/2023-01-30-pidge-tantamount.md,2023-01-30 21:22,PIDGE 010: Tantamount,femputermanchine,"etc, fpmcmain-pidge, act-vii",in which the Thunderbird is called and the Cathedral is stormed,2023-02-28 18:52,,
fpmc-act-07/2023-01-30-pidge-orion.md,2023-01-30 20:20,PIDGE 009: Orion,femputermanchine,"etc, fpmcmain-pidge, act-vii",in which Lila Black debuts,2023-01-31 09:35,,
fpmc-act-07/2022-12-22-kevin-changeOfDestiny.md,2022-12-22 20:27,KEVIN 039: Change of Destiny,femputermanchine,"skit, fpmcmain-kevin, act-vii",in which Vincent apologizes,2022-12-22 21:09,,
warcraft/2022-12-02-fineus-trash04.md,2022-12-02 10:21,Fineus trashlog IV,warcraft,trash,Let go of the past,2022-12-02 10:22,,
fpmc-act-07/2022-11-08-straud-mortDeMer.md,2022-11-08 21:52,STRAUD 031: Mort de Mer,femputermanchine,"chat, fpmcmain-straud, act-vii",in which Cedric rebels,2022-11-08 21:53,,
fpmc-act-07/2022-09-03-pidge-tacky.md,2022-09-03 23:53,PIDGE 008: Tacky,femputermanchine,"etc, fpmcmain-pidge, act-vii",in which M.M. debuts,2022-11-08 21:37,,
fpmc-act-07/2022-08-10-pidge-extraExtra.md,2022-08-10 21:10,PIDGE 007: Extra Extra,femputermanchine,"etc, fpmcmain-pidge, act-vii",in which Sebastian calls Straud,2022-10-22 21:11,,
fpmc-act-07/2022-08-09-straud-estranged.md,2022-08-02 20:00,STRAUD 030: Estranged,femputermanchine,"chat, fpmcmain-straud, act-vii",in which the Fengs are caught unawares,2022-08-09 12:31,,
fpmc-act-07/2022-08-01-pidge-esteemed.md,2022-08-01 10:00,PIDGE 006: Esteemed,femputermanchine,"etc, fpmcmain-pidge, act-vii",in which Davian visits the Order,2022-10-22 20:09,,
fpmc-act-07/2022-07-08-kevin-lost.md,2022-07-01 20:00,KEVIN 038: Lost,femputermanchine,"skit, fpmcmain-straud, act-vii",in which Straud returns from Moonwood Mill,2022-07-08 09:18,,
fpmc-act-07/2022-07-07-straud-lapse.md,2022-06-30 23:00,STRAUD 029: Lapse,femputermanchine,"skit, fpmcmain-straud, act-vii",in which Straud finds a familiar face trailing his car,2022-07-07 09:00,,
fpmc-act-07/2022-06-30-straud-patriot.md,2022-06-29 21:34,STRAUD 028: Patriot,femputermanchine,"chat, fpmcmain-straud, act-vii",in which Straud confers information regarding Lilith Vatore,2022-06-30 16:35,,
fpmc-act-07/2022-06-29-kevin-plea.md,2022-06-28 10:50,KEVIN 037: Plea,femputermanchine,"chat, fpmcmain-kevin, act-vii",in which Kevin receives a letter from upstate,2022-06-29 10:51,,
fpmc-act-07/2022-06-06-kealoha-atLast.md,2022-06-06 02:00,KEALOHA 004: At Last,femputermanchine,"chat, fpmcmain-kealoha, act-vii","in which Straud and Makoa discuss the Embrace and the youngling's daughter, Nani",2022-06-08 11:41,,
fpmc-act-07/2022-06-03-junior-toMakeAmends.md,2022-06-03 22:40,JUNIOR 009: To Make Amends,femputermanchine,"etc, fpmcmain-jr, act-vii",in which Junior observes problems at the Landgraab's home,2022-06-06 10:41,,
fpmc-act-07/2022-06-02-mandarc-numbers.md,2022-06-02 23:00,MANDARC 021: Numbers,femputermanchine,"skit, fpmcmain-mandarc, act-vii",in which Mandarc discusses his Disciplines,2022-06-06 09:36,,
fpmc-act-07/2022-05-27-kevin-shootTheMessenger.md,2022-05-27 14:23,KEVIN 036: Shoot the Messenger,femputermanchine,"skit, fpmcmain-kevin, act-vii",in which Kevin reaches into the past,2022-06-02 10:24,,
fpmc-act-07/2022-05-26-weaslie-tender.md,2022-05-26 09:53,WEASLIE 007: Tender,femputermanchine,"skit, fpmcmain-weaslie, act-vii",in which Weaslie avoids the Pink Elephant,2022-06-02 09:54,,
fpmc-act-07/2022-05-24-mandarc-radioactive.md,2022-05-24 23:00,MANDARC 020: Radioactive,femputermanchine,"chat, fpmcmain-mandarc, act-vii",in which Mandarc and Kevin discuss the barriers to entry,2022-05-26 11:04,,
fpmc-act-07/2022-05-23-vatore-joke.md,2022-05-23 22:13,VATORE 013: Joke,femputermanchine,"skit, fpmcmain-vatore, act-vii","in which Trente babbles, half-mad, about the Thief",2022-05-26 10:15,,
fpmc-act-07/2022-05-22-straud-forever.md,2022-05-22 20:45,STRAUD 027: Forever,femputermanchine,"etc, fpmcmain-straud, act-vii",in which Straud must pass on a neighborhood story,2022-05-23 11:17,,
fpmc-act-07/2022-05-22-vanHelsing-misdirection.md,2022-05-22 10:42,VAN HELSING 002: Misdirection,femputermanchine,"skit, fpmcmain-vanhelsing, act-vii",in which Larry speaks with his therapist about his background,2022-05-23 10:43,,
fpmc-act-07/2022-05-20-myrtle-uncomfortable.md,2022-05-20 00:00,MYRTLE 020: Uncomfortable,femputermanchine,"chat, fpmcmain-myrtle, act-vii",in which G.H. receives some advice concerning S.H.,2022-05-23 09:55,,
fpmc-act-07/2022-05-19-junior-providence.md,2022-05-19 23:00,JUNIOR 008: Providence,femputermanchine,"skit, fpmcmain-jr, act-vii",in which Junior speaks on a forbidden topic,2022-05-23 09:30,,
fpmc-act-07/2022-05-17-avael-laserPointer.md,2022-05-17 20:00,AVAEL 017: Laser Pointer,femputermanchine,"etc, fpmcmain-avael, act-vii",in which AVAEL speaks on what's been busying her time,2022-05-23 09:14,,
fpmc-act-07/2022-05-13-vatore-element.md,2022-05-13 21:38,VATORE 012: Element,femputermanchine,"skit, fpmcmain-vatore, act-vii",in which Caleb surprises Trente with his conviction,2022-05-17 09:38,,
fpmc-act-07/2022-05-12-cedric-slip.md,2022-05-12 21:06,CEDRIC 036: Slip,femputermanchine,"skit, fpmcmain-cedric, act-vii",in which Cedric provides 'Net credentials to Seven,2022-05-16 11:07,,
fpmc-act-07/2022-05-11-straud-payback.md,2022-05-11 10:14,STRAUD 026: Payback,femputermanchine,"chat, fpmcmain-straud, act-vii",in which Cedric engages Straud in gossip about the Collins family,2022-05-16 10:15,,
fpmc-act-07/2022-05-07-behr-coldRain.md,2022-05-07 10:02,BEHR 001: Cold Rain,femputermanchine,"etc, fpmcmain-behr, act-vii",in which Yuki tries to avoid her insecurities,2022-05-16 10:04,,
fpmc-act-07/2022-05-04-cedric-relinquish.md,2022-05-04 21:53,CEDRIC 035: Relinquish,femputermanchine,"chat, fpmcmain-cedric, act-vii",in which Cedric sacrifices one thing for another,2022-05-15 21:54,,
fpmc-act-07/2022-04-29-trelaine-ofTheDevil.md,2022-04-29 21:17,TRELAINE 012: Of the Devil,femputermanchine,"skit, fpmcmain-trelaine, act-vii",in which Avaelle questions the name of the supersuit,2022-05-15 21:42,,
fpmc-act-06/2022-04-29-pidge-prodigal.md,2022-04-29 20:00,PIDGE 005: Prodigal,femputermanchine,"etc, fpmcmain-pidge, act-vi",in which Davian entertains with a grand party,2022-08-05 10:38,,
fpmc-act-06/2022-04-28-pidge-prophecy.md,2022-04-28 16:00,PIDGE 004: Prophecy,femputermanchine,"etc, fpmcmain-pidge, act-vi",in which Ben arrives at Straud Mansion,2022-07-08 11:57,,
fpmc-act-06/2022-04-27-pidge-asThouWilt.md,2022-04-27 17:58,PIDGE 003: As Thou Wilt,femputermanchine,"etc, fpmcmain-pidge, act-vi",in which Cedric makes a dropoff and Chiasa meets Wesley,2022-06-17 10:48,,
fpmc-act-06/2022-04-25-pidge-instinct.md,2022-04-25 21:57,PIDGE 002: Instinct,femputermanchine,"etc, fpmcmain-pidge, act-vi","in which Davian, Straud, Chiasa, and Mandarc enjoy the stage performance",2022-06-10 21:42,,
fpmc-act-06/2022-04-25-kevin-monsters.md,2022-04-25 20:45,KEVIN 035: Monsters,femputermanchine,"skit, fpmcmain-kevin, act-vi",in which Kevin speaks to Kali about rejoining society,2022-04-27 09:29,,
fpmc-act-06/2022-04-25-cedric-mayhem.md,2022-04-25 20:15,CEDRIC 034: Mayhem,femputermanchine,"skit, fpmcmain-cedric, act-vi",in which Caleb and Cedric deliver plasma fruit to Charlotte,2022-04-25 12:25,,
fpmc-act-06/2022-04-25-pidge-anniversary.md,2022-04-25 10:00,PIDGE 001: Anniversary,femputermanchine,"etc, fpmcmain-pidge, act-vi",in which Davian delivers irises to Myrtle,2022-06-17 09:40,,
fpmc-act-06/2022-04-21-straud-shoplifting.md,2022-04-21 20:04,STRAUD 025: Shoplifting,femputermanchine,"skit, fpmcmain-straud, act-vi",in which Dexter accepts to withdraw his children from school,2022-04-21 20:04,,
warcraft/2022-03-22-eriolanna-overlay.md,2022-03-22 14:37,Eriolanna: Overlay,warcraft,tales,"The image was not entirely real, nor entirely false but it stuck with her, nagging at her need to solve mysteries",2022-03-22 14:39,,
warcraft/2022-03-22-trrask-theFetish.md,2022-03-22 09:32,Trrask: The Fetish,warcraft,tales,She thirsted for vengeance -- having been punished for a crime she felt herself too young to truly understand,2022-03-22 09:36,,
warcraft/2022-03-20-antigony-trash01.md,2022-03-20 18:18,Antigony trashlog I,warcraft,trash,A bag never emptied is forever full,2022-03-20 18:22,,
warcraft/2022-03-15-fineus-au.md,2022-03-15 10:08,Fineus: AU,warcraft,tales,Sometimes wisdom means accepting an unwelcome truth,2022-03-15 11:05,,
warcraft/2022-03-08-fineus-identity.md,2022-03-08 10:34,Fineus: Identity,warcraft,tales,"Finally, the young troll AÃ¯'ree approaches the High Priest and confronts him about her problem",2022-03-08 11:55,,
warcraft/2022-03-03-played-01.md,2022-03-03 10:39,Slash Played I,warcraft,calc,"Surprising no one, my most played class is Priest, followed by Warrior",2022-03-03 10:40,,
warcraft/2022-03-02-eriolanna-kb01.md,2022-03-02 12:42,Eriolanna Keybinds I,warcraft,"kb, tales",Eriolanna's keybinds and status as of 9.2; still an aspiring battle pet master,2022-03-02 12:43,,
warcraft/2022-03-02-fineus-kb01.md,2022-03-02 11:21,Fineus Keybinds I,warcraft,"kb, trash","Fineus's keybinds and talents in the Shadowlands, with a bonus trashdump",2022-03-02 12:41,,
fpmc-act-06/2022-02-23-goth-mittens.md,2022-02-23 12:34,GOTH 015: Mittens,femputermanchine,"skit, fpmcmain-goth, act-vi",in which Cassandra follows Larry downtown for his first appointment,2022-04-19 13:28,,
fpmc-act-06/2022-02-22-straud-destiny.md,2022-02-22 00:00,STRAUD 024: Destiny,femputermanchine,"skit, fpmcmain-straud, act-vi",in which Straud details a short fairytale,2022-02-22 11:38,,
fpmc-act-06/2022-02-08-kealoha-eternity.md,2022-02-08 09:35,KEALOHA 003: Eternity,femputermanchine,"chat, fpmcmain-kealoha, act-vi",in which Makoa and Sebastian speak on the very real dangers of exploration,2022-02-08 14:41,,
fpmc-act-06/2022-01-31-straud-whatYouKnow.md,2022-01-31 12:53,STRAUD 023: What You Know,femputermanchine,"skit, fpmcmain-straud, act-vi",in which Mandarc asks a few key questions of his Master,2022-01-31 12:54,,
fpmc-act-06/2022-01-29-cedric-coppertone.md,2022-01-29 18:09,CEDRIC 033: Coppertone,femputermanchine,"skit, fpmcmain-cedric, act-vi",in which word spreads about Straud and the suncreme,2022-01-29 18:51,,
fpmc-act-06/2022-01-28-vanHelsing-routine.md,2022-01-28 09:56,VAN HELSING 001: Routine,femputermanchine,"skit, fpmcmain-vanhelsing, act-vi",in which Rieko Yamamoto admits to her dreams about the werewolf,2022-01-28 10:42,,
fpmc-act-06/2022-01-27-tang-familyEyes.md,2022-01-27 09:11,TANG 003: Family Eyes,femputermanchine,"skit, fpmcmain-tang, act-vi",in which Vanessa Tang tries to affect a Bugs Bunny accent,2022-01-27 14:53,,
fpmc-act-06/2022-01-26-trelaine-reassurance.md,2022-01-26 12:01,TRELAINE 011: Reassurance,femputermanchine,"skit, fpmcmain-trelaine, act-vi",in which Lenard tries to convince Avaelle that today is the day,2022-01-26 12:02,,
fpmc-act-06/2022-01-25-tzu-confidante.md,2022-01-25 10:20,TZU 005: Confidante,femputermanchine,"skit, fpmcmain-tzu, act-vi",in which Tzu takes part in an important conversation,2022-01-25 10:21,,
fpmc-act-06/2022-01-24-kealoha-precocious.md,2022-01-24 09:30,KEALOHA 002: Precocious,femputermanchine,"etc, fpmcmain-kealoha, act-vi","in which Makoa describes an act of compassion by his daughter, Nani",2022-01-24 09:32,,
fpmc-act-06/2022-01-23-goth-referral.md,2022-01-23 10:54,GOTH 014: Referral,femputermanchine,"skit, fpmcmain-goth, act-vi",in which Larry has received a recommendation for a new psychiatrist,2022-01-28 10:54,,
fpmc-act-06/2022-01-22-straud-shimmer.md,2022-01-22 20:33,STRAUD 022: Shimmer,femputermanchine,"skit, fpmcmain-straud, act-vi",in which Straud spies the painting that shimmers in the night,2022-01-22 20:34,,
fpmc-act-06/2022-01-20-tzu-shy.md,2022-01-20 13:46,TZU 004: Shy,femputermanchine,"chat, fpmcmain-tzu, act-vi",in which Tzu talks to Makoa Kealoha who seems to have had a change of heart,2022-01-20 13:47,,
fpmc-act-06/2022-01-19-junior-hooky.md,2022-01-19 10:19,JUNIOR 007: Hooky,femputermanchine,"chat, fpmcmain-jr, act-vi",in which Trente Gagarin calls out sick from her lesson with Caleb,2022-01-19 10:20,,
fpmc-act-06/2022-01-19-vatore-commiseration.md,2022-01-19 09:30,VATORE 011: Commiseration,femputermanchine,"chat, fpmcmain-vatore, act-vi",in which Caleb seeks an audience with his sister in the new year,2022-01-19 09:31,,
fpmc-act-06/2022-01-18-mandarc-homeDespot.md,2022-01-18 12:59,MANDARC 019: Home Despot,femputermanchine,"skit, fpmcmain-mandarc, act-vi",in which Mandarc hints at the splintering timelines problem,2022-01-18 09:48,,
fpmc-act-06/2022-01-18-straud-offering.md,2022-01-18 09:47,STRAUD 021: Offering,femputermanchine,"skit, fpmcmain-straud, act-vi",in which Straud writes a letter to Caleb Vatore,2022-01-18 09:48,,
fpmc-act-06/2022-01-14-mandarc-iMandarc.md,2022-01-14 11:17,MANDARC 018: I MANDARC,femputermanchine,"skit, fpmcmain-mandarc, act-vi",in which Mandarc picks Emmitt up from the Spice Festival,2022-01-20 09:24,,
fpmc-act-06/2022-01-13-straud-underHerNose.md,2022-01-13 09:06,STRAUD 020: Under Her Nose,femputermanchine,"skit, fpmcmain-straud, act-vi",in which Straud rescues Emmitt Skinner,2022-01-14 09:07,,
fpmc-act-06/2022-01-12-mandarc-kitchenWitch.md,2022-01-12 09:12,MANDARC 017: Kitchen Witch,femputermanchine,"chat, fpmcmain-mandarc, act-vi",in which Mandarc sees Perkins in the Haunt,2022-01-12 09:14,,
fpmc-act-06/2022-01-11-perkins-destitute.md,2022-01-11 09:51,PERKINS 009: Destitute,femputermanchine,"skit, fpmcmain-perkins, act-vi",in which Friday Perkins laments the loss of her spellbooks,2022-01-19 11:34,,
fpmc-act-06/2022-01-10-junior-lowEffort.md,2022-01-10 11:11,JUNIOR 006: Low Effort,femputermanchine,"etc, fpmcmain-jr, act-vi",in which Junior makes some notes about the progress of her save file,2022-01-12 11:12,,
fpmc-act-06/2022-01-08-cedric-miracle.md,2022-01-08 00:00,CEDRIC 032: Miracle,femputermanchine,"skit, fpmcmain-cedric, act-vi",in which Toonces is found with two kittens in tow,2022-01-10 14:29,,
fpmc-act-06/2022-01-07-cedric-pattern.md,2022-01-07 14:33,CEDRIC 031: Pattern,femputermanchine,"skit, fpmcmain-cedric, act-vi",in which Cedric discloses that all vampires are uniquely equipped,2022-01-07 14:33,,
fpmc-act-06/2022-01-06-tang-gaunt.md,2022-01-06 02:00,TANG 002: Gaunt,femputermanchine,"skit, fpmcmain-tang, act-vi",in which Alvaro Halcom is deemed missing,2022-01-06 14:50,,
fpmc-act-06/2022-01-05-roxxie-digital.md,2022-01-05 19:19,ROXXIE 006: Digital,femputermanchine,"etc, fpmcmain-roxxie, act-vi",in which Roxanne has been recovering the use of her arm,2022-01-07 10:19,,
fpmc-act-06/2021-12-31-vatore-rhetoric.md,2021-12-31 23:59,VATORE 010: Rhetoric,femputermanchine,"skit, fpmcmain-vatore, act-vi",in which Caleb arrives having recommitted to his father's vision,2022-01-03 12:41,,
fpmc-act-06/2021-12-29-kevin-packingUp.md,2021-12-29 20:00,KEVIN 034: Packing Up,femputermanchine,"skit, fpmcmain-kevin, act-vi",in which Zhangwei tries to air his grief,2021-12-30 09:33,,
fpmc-act-06/2021-12-15-cedric-alwaysWelcome.md,2021-12-15 09:31,CEDRIC 030: Always Welcome,femputermanchine,"skit, fpmcmain-cedric, act-vi",in which Cedric is convinced to take on a charity case,2021-12-15 15:17,,
fpmc-act-06/2021-12-14-straud-algebraCamp.md,2021-12-14 09:21,STRAUD 019: Algebra Camp,femputermanchine,"skit, fpmcmain-straud, act-vi",in which Straud finds one of Svetlana's lost sheep,2021-12-14 14:56,,
fpmc-act-05/2021-12-11-myrtle-research.md,2021-12-11 13:52,MYRTLE 019: Research,femputermanchine,"chat, fpmcmain-myrtle, act-v","in which Myrtle receives news about her friend, Peiyun",2022-01-11 13:55,,
fpmc-act-05/2021-12-10-weaslie-number9.md,2021-12-10 09:37,WEASLIE 006: Number 9,femputermanchine,"skit, fpmcmain-weaslie, act-v",in which Weaslie inquires after the forbidden,2021-12-10 13:17,,
fpmc-act-05/2021-12-09-kevin-nextOfKin.md,2021-12-09 09:34,KEVIN 033: Next of Kin,femputermanchine,"skit, fpmcmain-kevin, act-v",in which Zhangwei seeks assistance after his mother's disappearance,2021-12-09 14:52,,
fpmc-act-05/2021-12-08-tang-despicable.md,2021-12-08 09:18,TANG 001: Despicable,femputermanchine,"skit, fpmcmain-tang, act-v",in which Vanessa robs her mother of life essence,2021-12-08 09:18,,
fpmc-act-05/2021-12-07-junior-downToEarth.md,2021-12-07 09:48,JUNIOR 005: Down to Earth,femputermanchine,"skit, fpmcmain-jr, act-v",in which Trente intends to bow to Vanessa's demand,2021-12-07 14:55,,
fpmc-act-05/2021-12-06-trelaine-retribution.md,2021-12-06 15:00,TRELAINE 010: Retribution,femputermanchine,"skit, fpmcmain-trelaine, act-v",in which Vanessa expresses her desire,2021-12-06 15:00,,
recipe/2021-12-03-sugar-cookie.md,2021-12-03 16:55,Cookie: Sugar,recipe,"wheat, butter, eggs, milk",a crowd-pleaser in any shape,2021-12-03 16:57,,
fpmc-act-05/2021-12-01-roxxie-eavesdropper.md,2021-12-01 13:54,ROXXIE 005: Eavesdropper,femputermanchine,"etc, fpmcmain-roxxie, act-v",in which Roxanne receives the return for which she'd been hoping,2021-12-01 13:56,,
fpmc-act-05/2021-11-30-goth-comix.md,2021-11-29 16:00,GOTH 013: Comix,femputermanchine,"skit, fpmcmain-goth, act-v",in which Kevin regifts in the interest of helping Larry,2021-12-29 15:12,,
fpmc-act-05/2021-11-29-cedric-mondayNightFootball.md,2021-11-29 09:55,CEDRIC 029: Monday Night Football,femputermanchine,"skit, fpmcmain-cedric, act-v",in which Cedric dines at the Blue Velvet,2021-11-29 14:54,,
fpmc-act-05/2021-11-29-roxxie-leftovers.md,2021-11-29 09:15,ROXXIE 004: Leftovers,femputermanchine,"etc, fpmcmain-roxxie, act-v",in which Roxxie pens a short letter to Ivette,2021-12-01 10:09,,
fpmc-act-05/2021-11-24-goth-professionalism.md,2021-11-24 10:33,GOTH 012: Professionalism,femputermanchine,"skit, fpmcmain-goth, act-v",in which Cassandra asks Larry to stay for Thanksgiving,2021-12-28 15:26,,
fpmc-act-05/2021-11-23-goth-fandom.md,2021-11-23 10:47,GOTH 011: Fandom,femputermanchine,"chat, fpmcmain-goth, act-v",in which Cassandra learns that her childhood home had been invaded,2021-12-23 10:48,,
fpmc-act-05/2021-11-22-roxxie-patience.md,2021-11-22 11:47,ROXXIE 003: Patience,femputermanchine,"etc, fpmcmain-roxxie, act-v",in which Roxxie camps out by the prison,2021-11-22 11:48,,
fpmc-act-05/2021-11-22-straud-followers.md,2021-11-22 10:09,STRAUD 017: Followers,femputermanchine,"skit, fpmcmain-straud, act-v",in which Straud observes Kali,2021-11-22 10:12,,
fpmc-act-05/2021-11-19-kevin-resistance.md,2021-11-19 09:30,KEVIN 032: Resistance,femputermanchine,"skit, fpmcmain-kevin, act-v",in which three friends restrain a prisoner,2021-11-19 13:09,,
fpmc-act-05/2021-11-18-cedric-brouhaha.md,2021-11-18 09:39,CEDRIC 028: Brouhaha,femputermanchine,"skit, fpmcmain-cedric, act-v",in which three friends find a squatter at Goth Manor,2021-11-18 15:29,,
fpmc-act-05/2021-11-17-kevin-displaced.md,2021-11-17 11:41,KEVIN 031: Displaced,femputermanchine,"chat, fpmcmain-kevin, act-v",in which Kevin speaks to Cassandra about the Manor,2021-11-17 11:43,,
fpmc-act-05/2021-11-16-straud-favor.md,2021-11-16 09:49,STRAUD 016: Favor,femputermanchine,"chat, fpmcmain-straud, act-v",in which Straud makes a call-out for a friendly neighborhood check-in,2021-11-16 09:50,,
fpmc-act-05/2021-11-15-roxxie-backwards.md,2021-11-15 09:44,ROXXIE 002: Backwards,femputermanchine,"etc, fpmcmain-roxxie, act-v",in which Roxxie receives an e-mail from an old friend,2021-11-15 09:45,,
fpmc-act-05/2021-11-05-kealoha-offMyChest.md,2021-11-05 11:47,KEALOHA 001: Off My Chest,femputermanchine,"chat, fpmcmain-kealoha, act-v",in which Kealoha replies to the shipment of suncreme,2021-11-05 11:47,,
fpmc-act-05/2021-11-05-tzu-reluctance.md,2021-11-05 09:08,TZU 003: Reluctance,femputermanchine,"chat, fpmcmain-tzu, act-v",in which Tzu reports back after delivering the suncreme to Kealoha,2021-11-05 10:32,,
fpmc-act-05/2021-11-02-cedric-skepticism.md,2021-11-02 19:49,CEDRIC 027: Skepticism,femputermanchine,"skit, fpmcmain-cedric, act-v",in which Cedric's plans are changed,2021-11-04 17:06,,
fpmc-act-05/2021-11-01-straud-thirdPerson.md,2021-11-01 06:10,STRAUD 015: Third Person,femputermanchine,"chat, fpmcmain-straud, act-v",in which Straud hears the big dream,2021-11-04 17:05,,
fpmc-act-05/2021-10-29-cedric-onTheLevel.md,2021-10-29 09:40,CEDRIC 026: On the Level,femputermanchine,"skit, fpmcmain-cedric, act-v",in which Cedric raises a toast to the Crone Marscapone,2022-01-28 14:04,,
fpmc-act-05/2021-10-28-kevin-stuckPixel.md,2021-10-28 09:26,KEVIN 030: Stuck Pixel,femputermanchine,"skit, fpmcmain-kevin, act-v",in which Tzu talks to Myrtle over the wIntraNet,2022-01-28 13:56,,
fpmc-act-05/2021-10-25-myrtle-stayOfExecution.md,2021-10-25 10:43,MYRTLE 018: Stay of Execution,femputermanchine,"chat, fpmcmain-myrtle, act-v",in which Myrtle begins to pen her memoirs,2021-11-04 17:00,,
fpmc-act-05/2021-10-21-avael-doctorsNote.md,2021-10-21 10:11,AVAEL 016: Doctor's Note,femputermanchine,"chat, fpmcmain-avael, act-v",in which AVAEL notes her first suspicions of the Doctor's strangeness,2021-11-04 16:59,,
fpmc-act-05/2021-10-20-avael-refrigeration.md,2021-10-20 09:23,AVAEL 015: Refrigeration,femputermanchine,"chat, fpmcmain-avael, act-v",in which AVAEL recalls the first quiet day with her houseguest,2021-11-04 16:58,,
fpmc-act-05/2021-10-19-avael-retrospective.md,2021-10-19 14:58,AVAEL 014: Retrospective,femputermanchine,"chat, fpmcmain-avael, act-v",in which AVAEL reluctantly begins to speak on her first meeting with the Doctor Trelaine,2021-10-19 15:44,,
fpmc-act-05/2021-10-15-avael-custody.md,2021-10-15 10:48,AVAEL 013: Custody,femputermanchine,"skit, fpmcmain-avael, act-v",in which Cedric and AVAEL discuss the death penalty,2021-11-04 16:56,,
fpmc-act-05/2021-10-14-trelaine-pinch.md,2021-10-14 09:41,TRELAINE 009: Pinch,femputermanchine,"skit, fpmcmain-trelaine, act-v",in which Lenard is happy to have back his comrade in arms,2021-11-04 16:55,,
fpmc-act-05/2021-10-13-straud-tangental.md,2021-10-13 10:36,STRAUD 014: Tangental,femputermanchine,"skit, fpmcmain-straud, act-v",in which Straud reads the palm of a one Avaelle Easton,2022-01-28 13:31,,
fpmc-act-05/2021-10-11-kevin-personalEffects.md,2021-10-11 20:43,KEVIN 029: Personal Effects,femputermanchine,"skit, fpmcmain-kevin, act-v",in which Kevin receives a phone call from Sulani,2021-11-04 16:53,,
fpmc-act-05/2021-10-09-tzu-initials.md,2021-10-09 20:19,TZU 002: Initials,femputermanchine,"skit, fpmcmain-tzu, act-v",in which Tzu receives a letter after a long delay,2021-11-04 16:51,,
fpmc-act-05/2021-10-08-mandarc-barrier.md,2021-10-08 09:42,MANDARC 016: Barrier,femputermanchine,"skit, fpmcmain-mandarc, act-v",in which Mandarc receives an aid to resist the sun's rays,2021-11-04 16:51,,
fpmc-act-05/2021-10-06-roxxie-guess.md,2021-10-06 14:38,ROXXIE 001: Guess,femputermanchine,"skit, fpmcmain-roxxie, act-v",in which Roxanne tries for the first time in a long time to talk to a journal,2021-11-04 16:49,,
fpmc-act-05/2021-10-05-cedric-betterHalf.md,2021-10-05 11:16,CEDRIC 025: Better Half,femputermanchine,"skit, fpmcmain-cedric, act-v",in which Cedric offers consolation to B.Pancakes a year after the death of his wife,2021-11-04 16:47,,
fpmc-act-05/2021-09-30-junior-deduction.md,2021-09-30 10:48,JUNIOR 004: Deduction,femputermanchine,"skit, fpmcmain-jr, act-v",in which Trente Gagarin suggests the obvious given the apparent evidence,2021-12-07 09:46,,
fpmc-act-05/2021-09-27-perkins-sleuth.md,2021-09-27 12:36,PERKINS 008: Sleuth,femputermanchine,"skit, fpmcmain-perkins, act-v",in which Friday Perkins has a rough morning,2022-01-28 12:41,,
warcraft/2021-09-16-avaelle-theLocket.md,2021-09-16 21:48,Avaelle and the Locket,warcraft,tales,"Retake Windrunner Spire they said. It will show the Queen that we honor her memory. But I couldn't help but think - if she'd really wanted the spire rehabilitated, why wasn't she out here leading the charge herself?",2021-09-17 14:51,,
fpmc-act-04/2021-06-25-vatore-bluff.md,2021-06-25 14:05,VATORE 009: Bluff,femputermanchine,"skit, fpmcmain-vatore, act-iv",in which Lilith and Quarq introduce themselves to the newcomer Zoe Bechamel,2021-11-04 16:43,,
fpmc-act-04/2021-06-06-goth-loony.md,2021-06-06 18:21,GOTH 010: Loony,femputermanchine,"skit, fpmcmain-goth, act-iv",in which Cassandra serves soft-boiled eggs,2021-11-24 12:05,,
fpmc-act-04/2021-06-04-straud-wanderer.md,2021-06-04 17:44,STRAUD 013: Wanderer,femputermanchine,"skit, fpmcmain-straud, act-iv",in which the doll is found,2021-11-04 16:41,,
fpmc-act-04/2021-05-04-avael-dialogue.md,2021-05-04 13:35,AVAEL 012: Dialogue,femputermanchine,"skit, fpmcmain-avael, act-iv",in which Cedric and AVAEL deworm the puddytat,2021-11-04 16:40,,
fpmc-act-04/2021-05-03-myrtle-testament.md,2021-05-03 21:01,MYRTLE 017: Testament,femputermanchine,"skit, fpmcmain-myrtle, act-iv",in which one endures the Death of the Dreaded Lock,2021-11-04 16:38,,
fpmc-act-04/2021-05-02-vatore-hierarchy.md,2021-05-02 21:00,VATORE 008: Hierarchy,femputermanchine,"skit, fpmcmain-vatore, act-iv",in which Caleb receives his first astronomy lesson in one month,2021-11-04 16:35,,
fpmc-act-04/2021-05-01-straud-dischord.md,2021-05-01 20:00,STRAUD 012: Dischord,femputermanchine,"skit, fpmcmain-straud, act-iv",in which Straud brings his Saturday delivery to the Oborovsky twins,2025-02-05 23:32,,
fpmc-act-04/2021-04-30-straud-lisaFrank.md,2021-04-30 20:33,STRAUD 011: Lisa Frank,femputermanchine,"skit, fpmcmain-straud, act-iv","in which Straud hastily performs the rites, again",2025-02-05 23:24,,
fpmc-act-04/2021-04-29-cedric-gossip.md,2021-04-29 20:48,CEDRIC 024: Gossip,femputermanchine,"skit, fpmcmain-cedric, act-iv",in which Caleb offers his family's fruit,2021-11-04 16:27,,
fpmc-act-04/2021-04-28-goth-lure.md,2021-04-28 19:51,GOTH 009: Lure,femputermanchine,"skit, fpmcmain-goth, act-iv",in which L.Potter attempts exorcism,2021-11-24 11:22,,
fpmc-act-04/2021-04-27-kevin-mortar.md,2021-04-27 18:50,KEVIN 028: Mortar,femputermanchine,"skit, fpmcmain-kevin, act-iv",in which Kevin &al report to the Marscapone School,2021-11-04 16:23,,
fpmc-act-04/2021-04-25-mandarc-warrior.md,2021-04-25 17:10,MANDARC 015: Warrior,femputermanchine,"skit, fpmcmain-mandarc, act-iv",in which Perkins acquires the Hex of the Duelist,2025-02-05 23:22,,
fpmc-act-04/2021-04-23-cedric-closedDoors.md,2021-04-23 20:34,CEDRIC 023: Closed Doors,femputermanchine,"skit, fpmcmain-cedric, act-iv",in which the party rests at Strixhaven,2021-11-04 16:20,,
fpmc-act-04/2021-04-21-kevin-shiftChange.md,2021-04-21 21:45,KEVIN 027: Shift Change,femputermanchine,"skit, fpmcmain-kevin, act-iv",in which starts the Journey to the West,2025-02-05 23:25,,
fpmc-act-04/2021-04-19-straud-deOdaSide.md,2021-04-19 19:59,STRAUD 010: De O'da Side,femputermanchine,"skit, fpmcmain-straud, act-iv",in which Straud sees a number of visions,2025-02-05 23:31,,
fpmc-act-04/2021-04-18-kevin-incompetence.md,2021-04-18 22:54,KEVIN 026: Incompetence,femputermanchine,"skit, fpmcmain-kevin, act-iv","in which Myrtle, &al ask Straud to use clerical magicks",2025-02-05 23:35,,
fpmc-act-04/2021-04-18-myrtle-firstFang.md,2021-04-18 08:55,MYRTLE 016: First-Fang,femputermanchine,"skit, fpmcmain-myrtle, act-iv",in which Larry asks his old teacher for help,2025-02-05 23:36,,
fpmc-act-04/2021-04-16-cedric-helpWanted.md,2021-04-16 22:14,CEDRIC 022: Help Wanted,femputermanchine,"chat, fpmcmain-cedric, act-iv",in which Straud lets Cedric in on the good news,2025-02-05 23:28,,
fpmc-act-04/2021-04-15-tzu-tea.md,2021-04-15 19:06,TZU 001: Tea,femputermanchine,"skit, fpmcmain-tzu, act-iv","in which Tzu recalls the first day she met the crone, Marscapone",2021-11-04 16:02,,
fpmc-act-04/2021-04-15-mandarc-honeycrisp.md,2021-04-15 13:21,MANDARC 014: Honeycrisp,femputermanchine,"skit, fpmcmain-mandarc, act-iv",in which Straud and Mandarc discuss the plasma fruit and cat's paradox,2021-11-04 16:01,,
fpmc-act-04/2021-04-14-goth-static.md,2021-04-14 20:11,GOTH 008: Static,femputermanchine,"skit, fpmcmain-goth, act-iv",in which Cassandra is advised to leave her job at FutureSim,2021-11-24 10:54,,
fpmc-act-04/2021-04-08-junior-truthy.md,2021-04-08 10:32,JUNIOR 003: Truthy,femputermanchine,"skit, fpmcmain-jr, act-iv",in which Trente sees the young Orphan off to school,2021-11-04 15:56,,
warcraft/2021-04-05-fineus-trash03.md,2021-04-05 23:59,Fineus trashlog III,warcraft,trash,R.I.P. Robe of Power,2021-04-05 23:59,,
fpmc-act-04/2021-04-04-kevin-footfall.md,2021-04-04 18:48,KEVIN 025: Footfall,femputermanchine,"skit, fpmcmain-kevin, act-iv",in which Kevin attends a typical Sunday dinner,2021-11-04 15:53,,
fpmc-act-04/2021-04-03-cedric-undergrowth.md,2021-04-03 15:25,CEDRIC 021: Undergrowth,femputermanchine,"skit, fpmcmain-cedric, act-iv","in which Straud lectures, despairing about the failing strength of the Wild",2021-11-04 15:52,,
fpmc-act-04/2021-04-03-weaslie-inheritance.md,2021-04-03 12:21,WEASLIE 005: Inheritance,femputermanchine,"skit, fpmcmain-weaslie, act-iv",in which Weaslie and Perkins discuss their magical childhoods,2021-12-10 09:57,,
fpmc-act-04/2021-03-31-avael-precautions.md,2021-03-31 22:12,AVAEL 011: Precautions,femputermanchine,"chat, fpmcmain-avael, act-iv",in which Straud and Kevin offer encouragement from personal experience,2021-11-04 15:49,,
fpmc-act-04/2021-03-28-vatore-eclipse.md,2021-03-28 20:21,VATORE 007: Eclipse,femputermanchine,"skit, fpmcmain-vatore, act-iv",in which Trente asks more of Caleb,2021-11-04 15:47,,
fpmc-act-04/2021-03-26-trelaine-hunger.md,2021-03-26 20:18,TRELAINE 008: Hunger,femputermanchine,"skit, fpmcmain-trelaine, act-iv",in which Avaelle expresses her concerns about the young vampress,2021-11-04 15:45,,
fpmc-act-04/2021-03-25-myrtle-community.md,2021-03-25 17:36,MYRTLE 015: Community,femputermanchine,"skit, fpmcmain-myrtle, act-iv",in which Kevin tries to encourage his mother,2021-11-04 15:44,,
fpmc-act-04/2021-03-23-perkins-mister.md,2021-03-23 08:57,PERKINS 007: Mister,femputermanchine,"skit, fpmcmain-perkins, act-iv",in which Weaslie receives a handwritten letter,2021-12-10 10:10,,
fpmc-act-04/2021-03-15-kevin-sixRounds.md,2021-03-15 10:31,KEVIN 024: Six Rounds,femputermanchine,"skit, fpmcmain-kevin, act-iv",in which Kevin presents his prototype as a gift to Cedric,2021-11-19 08:59,,
fpmc-act-04/2021-03-12-cedric-crocodile.md,2021-03-12 15:07,CEDRIC 020: Crocodile,femputermanchine,"skit, fpmcmain-cedric, act-iv",in which Myrtle reminisces with Cedric,2021-11-04 12:53,,
fpmc-act-04/2021-03-12-trelaine-transition.md,2021-03-12 09:07,TRELAINE 007: Transition,femputermanchine,"skit, fpmcmain-trelaine, act-iv",in which Meifeng sheds her old name,2021-11-04 12:51,,
fpmc-act-04/2021-03-08-kevin-kixen.md,2021-03-08 22:31,KEVIN 023: Kixen,femputermanchine,"skit, fpmcmain-kevin, act-iv",in which Angela Pleasant breaks it off,2021-11-04 12:50,,
fpmc-act-04/2021-03-08-cedric-theft.md,2021-03-08 09:28,CEDRIC 019: Theft,femputermanchine,"skit, fpmcmain-cedric, act-iv",in which Myrtle announces the flight of Meifeng Tang,2021-11-04 12:49,,
fpmc-act-04/2021-03-04-trelaine-merelyASetback.md,2021-03-04 11:13,TRELAINE 006: Merely a Setback,femputermanchine,"skit, fpmcmain-trelaine, act-iv",in which Lenard convinces Avaelle to have some gumption,2021-11-04 12:45,,
fpmc-act-04/2021-03-03-cedric-altercation.md,2021-03-03 09:46,CEDRIC 018: Altercation,femputermanchine,"skit, fpmcmain-cedric, act-iv",in which Cedric again dons his uniform,2021-12-15 12:11,,
fpmc-act-04/2021-03-02-myrtle-distraction.md,2021-03-02 10:43,MYRTLE 014: Distraction,femputermanchine,"skit, fpmcmain-myrtle, act-iv",in which Kevin tells the truth about the sale of the school,2021-11-24 15:10,,
fpmc-act-04/2021-01-01-kevin-reunion.md,2021-01-01 03:00,KEVIN 022: Reunion,femputermanchine,"skit, fpmcmain-kevin, act-iv",in which Kevin returns to a darkened Magicademy,2021-12-01 13:39,,
warcraft/2020-12-20-fineus-trash02.md,2020-12-20 13:14,Fineus trashlog II,warcraft,trash,finally I donated the Dram of Light,2020-12-20 13:14,,
fpmc-act-04/2020-12-06-avael-descent.md,2020-12-06 23:50,AVAEL 010: Descent,femputermanchine,"chat, fpmcmain-avael, act-iv",in which AVAEL and Mandarc discuss origin stories,2021-11-03 15:37,,
fpmc-act-04/2020-12-05-mandarc-therapy.md,2020-12-05 17:33,MANDARC 013: Therapy,femputermanchine,"skit, fpmcmain-mandarc, act-iv",in which Mandarc contemplates the lonely nature of Dream and seeks solace in AVAEL,2021-11-03 15:34,,
fpmc-act-03/2020-12-05-cedric-warmth.md,2020-12-05 13:39,CEDRIC 017: Warmth,femputermanchine,"skit, fpmcmain-cedric, act-iii",in which Cedric helps Roxanne get a temporary image on the (w)IntraNet,2021-11-03 15:33,,
fpmc-act-03/2020-12-04-kevin-leyLines.md,2020-12-04 14:48,KEVIN 021: Ley Lines,femputermanchine,"skit, fpmcmain-kevin, act-iii",in which Kevin lectures about chaos and Inferniate,2021-11-03 15:32,,
fpmc-act-03/2020-12-04-cedric-credentials.md,2020-12-04 13:14,CEDRIC 016: Credentials,femputermanchine,"skit, fpmcmain-cedric, act-iii",in which Cedric revels in his recent eviction of Perkins,2021-11-03 15:30,,
fpmc-act-03/2020-12-04-vatore-swagger.md,2020-12-04 12:51,VATORE 006: Swagger,femputermanchine,"skit, fpmcmain-vatore, act-iii",in which Vatore and Perkins work out for the first time since her move,2021-11-03 15:28,,
fpmc-act-03/2020-12-03-perkins-mockup.md,2020-12-03 09:38,PERKINS 006: Mockup,femputermanchine,"skit, fpmcmain-perkins, act-iii",in which Perkins snoops on the (w)IntraNet for the last time,2021-11-03 15:27,,
fpmc-act-03/2020-12-02-weaslie-unannounced.md,2020-12-02 15:22,WEASLIE 004: Unannounced,femputermanchine,"skit, fpmcmain-weaslie, act-iii",in which Weaslie and Perkins discuss the change of the dog's temperament,2022-01-11 09:30,,
fpmc-act-03/2020-12-02-junior-panic.md,2020-12-02 08:39,JUNIOR 002: Panic,femputermanchine,"skit, fpmcmain-jr, act-iii",in which Junior chats with Gemma over breakfast,2021-11-03 15:25,,
fpmc-act-03/2020-12-01-trelaine-ashtray.md,2020-12-01 17:20,TRELAINE 005: Ashtray,femputermanchine,"skit, fpmcmain-trelaine, act-iii",in which Lenard and Trente discover Coronado's flight,2021-11-03 15:24,,
fpmc-act-03/2020-11-30-myrtle-cinderella.md,2020-11-30 12:33,MYRTLE 013: Cinderella,femputermanchine,"skit, fpmcmain-myrtle, act-iii","in which Myrtle instructs Lucia on matters of filth, dust, and Scruberoo",2021-11-03 15:24,,
fpmc-act-03/2020-11-29-myrtle-prism.md,2020-11-29 16:04,MYRTLE 012: Prism,femputermanchine,"skit, fpmcmain-myrtle, act-iii",in which Myrtle is summoned to the Old Goth Estate,2021-11-24 10:39,,
fpmc-act-03/2020-11-28-goth-armsRace.md,2020-11-28 11:16,GOTH 007: Arms Race,femputermanchine,"skit, fpmcmain-goth, act-iii",in which Lucia camps out on Cassandra's yard,2021-11-24 10:27,,
fpmc-act-03/2020-11-24-cedric-pain.md,2020-11-24 07:19,CEDRIC 015: Pain,femputermanchine,"skit, fpmcmain-cedric, act-iii","in which Makoa, Cedric, Bob discuss the golden pineapple",2021-11-03 15:21,,
sb/2020-11-13-14.md,2020-11-13 09:11,14,sophieblue,dreams,the uncertainty of symbology,2020-11-13 09:11,,
fpmc-act-03/2020-11-12-cedric-shroud.md,2020-11-12 09:15,CEDRIC 014: Shroud,femputermanchine,"chat, fpmcmain-cedric, act-iii","pm@straud : the school, the library",2021-11-03 15:19,,
fpmc-act-03/2020-11-08-mandarc-golem.md,2020-11-08 10:08,MANDARC 012: Golem,femputermanchine,"skit, fpmcmain-mandarc, act-iii",in which Straud and Mandarc discuss the appearance of Wendy,2021-11-03 15:18,,
fpmc-act-03/2020-11-06-kevin-teal.md,2020-11-06 09:31,KEVIN 020: Teal,femputermanchine,"skit, fpmcmain-kevin, act-iii","in which Myrtle muses about her friend, Minerva Charm",2021-11-03 15:17,,
fpmc-act-03/2020-11-05-mandarc-wonderland.md,2020-11-05 11:09,MANDARC 011: Wonderland,femputermanchine,"skit, fpmcmain-mandarc, act-iii",in which Mandarc first goes to the house of Sergeant Bobbie and encounters Wendy,2021-11-03 15:16,,
fpmc-act-03/2020-11-03-cedric-duty.md,2020-11-03 16:54,CEDRIC 013: Duty,femputermanchine,"skit, fpmcmain-cedric, act-iii",in which Cedric assists Mandarc in finding Myrtle Marscapone,2021-11-03 15:15,,
fpmc-act-03/2020-11-02-mandarc-pillows.md,2020-11-02 15:13,MANDARC 010: Pillows,femputermanchine,"skit, fpmcmain-mandarc, act-iii",in which Mandarc receives word that Minerva Charm has passed on and arrives at Cedric's townhome,2021-11-22 09:46,,
fpmc-act-03/2020-10-30-junior-chutesLadders.md,2020-10-30 14:54,JUNIOR 001: Chutes & Ladders,femputermanchine,"skit, fpmcmain-jr, act-iii",Junior alights,2021-11-03 15:13,,
fpmc-act-03/2020-10-03-vatore-anticipation.md,2020-10-03 18:10,VATORE 005: Anticipation,femputermanchine,"skit, fpmcmain-vatore, act-iii",in which Lilith is disappointed by Quarq's reticence,2021-11-03 15:10,,
fpmc-act-03/2020-10-03-perkins-bandages.md,2020-10-03 09:08,PERKINS 005: Bandages,femputermanchine,"skit, fpmcmain-perkins, act-iii",Dexx returns,2021-11-03 15:09,,
fpmc-act-03/2020-10-02-myrtle-yukonGold.md,2020-10-02 16:45,MYRTLE 011: Yukon Gold,femputermanchine,"skit, fpmcmain-myrtle, act-iii",potion of emotional stability,2021-11-19 15:02,,
fpmc-act-03/2020-09-30-avael-puppy.md,2020-09-30 11:37,AVAEL 009: Puppy,femputermanchine,"etc, fpmcmain-avael, act-iii","A treatise on life, death, and passing",2021-11-03 15:07,,
fpmc-act-03/2020-09-29-cedric-eliza.md,2020-09-29 16:53,CEDRIC 012: Eliza,femputermanchine,"skit, fpmcmain-cedric, act-iii",in which Cedric delivers the news to B.Pancakes,2021-11-19 14:31,,
fpmc-act-03/2020-09-28-mandarc-bearer.md,2020-09-28 18:21,MANDARC 009: Bearer,femputermanchine,"chat, fpmcmain-mandarc, act-iii",ATTN@all : Eliza,2025-02-05 23:34,,
fpmc-act-03/2020-09-27-myrtle-outOfTheLoop.md,2020-09-27 10:33,MYRTLE 010: Out of the Loop,femputermanchine,"fireside, fpmcmain-myrtle, act-iii",we still doing these?,2025-02-05 23:30,,
fpmc-act-03/2020-09-27-weaslie-greatUncle.md,2020-09-27 10:20,WEASLIE 003: Great Uncle,femputermanchine,"skit, fpmcmain-weaslie, act-iii",waffles,2022-01-11 09:19,,
fpmc-act-03/2020-09-26-cedric-battleSchool.md,2020-09-26 13:18,CEDRIC 011: Battle School,femputermanchine,"chat, fpmcmain-cedric, act-iii",in which Cedric has another dream about being faceless at the academy,2021-11-03 14:07,,
fpmc-act-03/2020-09-25-trelaine-hotTub.md,2020-09-25 11:07,TRELAINE 004: Hot Tub,femputermanchine,"etc, fpmcmain-trelaine, act-iii",notes from his desk,2021-11-03 15:02,,
fpmc-act-03/2020-09-24-vatore-sheeple.md,2020-09-24 12:23,VATORE 004: Sheeple,femputermanchine,"skit, fpmcmain-vatore, act-iii",Lilith in Quarq's car,2021-11-19 13:50,,
fpmc-act-03/2020-09-23-mandarc-mullingAbout.md,2020-09-23 12:29,MANDARC 008: Mulling About,femputermanchine,"pm, fpmcmain-mandarc, act-iii",PM@avael : kevin,2025-02-05 11:21,,
fpmc-act-03/2020-09-21-goth-newGirl.md,2020-09-21 18:11,GOTH 006: New Girl,femputermanchine,"skit, fpmcmain-goth, act-iii",blue hair,2021-11-03 14:58,,
fpmc-act-03/2020-09-21-vatore-miniMoon.md,2020-09-21 12:23,VATORE 003: Mini-Moon,femputermanchine,"skit, fpmcmain-vatore, act-iii",Caleb has guilty drinker trait,2021-11-03 14:57,,
fpmc-act-03/2020-09-19-kevin-dirtyBlood.md,2020-09-19 09:23,KEVIN 019: Dirty Blood,femputermanchine,"skit, fpmcmain-kevin, act-iii",the bully hates competition,2021-11-03 14:56,,
fpmc-act-03/2020-09-18-kevin-latinate.md,2020-09-18 18:01,KEVIN 018: Latinate,femputermanchine,"skit, fpmcmain-kevin, act-iii",the appearance of Morgyn Ember,2021-11-03 14:55,,
fpmc-act-03/2020-09-17-goth-estranged.md,2020-09-17 17:00,GOTH 005: Estranged,femputermanchine,"etc, fpmcmain-goth, act-iii",in which Cassandra receives a letter from her now-deceased father,2021-11-24 14:22,,
fpmc-act-03/2020-09-15-goth-burner.md,2020-09-17 11:01,GOTH 004: Burner,femputermanchine,"skit, fpmcmain-goth, act-iii",father and son,2021-11-24 10:13,,
fpmc-act-03/2020-09-14-goth-evidence.md,2020-09-14 09:12,GOTH 003: Evidence,femputermanchine,"skit, fpmcmain-goth, act-iii",access denied,2021-11-24 10:08,,
fpmc-act-03/2020-09-13-vatore-booklyn.md,2020-09-13 06:20,VATORE 002: Booklyn,femputermanchine,"skit, fpmcmain-vatore, act-iii",Lilith has a 0 in VAMPIRE LORE,2021-11-03 14:50,,
fpmc-act-03/2020-09-12-mandarc-airwaves.md,2020-09-12 14:16,MANDARC 007: Airwaves,femputermanchine,"pm, dreams, fpmcmain-mandarc, act-iii",PM@CEDRIC (before the holdup),2025-02-05 23:37,,
fpmc-act-03/2020-09-12-perkins-liar.md,2020-09-12 06:36,PERKINS 004: Liar,femputermanchine,"skit, fpmcmain-perkins, act-iii",in which the red-eyed woman zooms away on a motorbike,2021-12-03 14:22,,
fpmc-act-03/2020-09-11-weaslie-snitch.md,2020-09-11 18:25,WEASLIE 002: Snitch,femputermanchine,"skit, fpmcmain-weaslie, act-iii",in which an illusion is dispelled,2021-11-17 15:08,,
fpmc-act-02/2020-09-11-kevin-pulse.md,2020-09-11 09:26,KEVIN 017: Pulse,femputermanchine,"skit, fpmcmain-kevin, act-ii",the approach,2021-11-17 15:04,,
fpmc-act-02/2020-09-10-cedric-oklahoma.md,2020-09-10 13:12,CEDRIC 010: Oklahoma,femputermanchine,"skit, fpmcmain-cedric, act-ii",in which Cedric finds Kevin collapsed,2021-11-17 15:00,,
fpmc-act-02/2020-09-05-mandarc-platitude.md,2020-09-05 18:15,MANDARC 006: Platitude,femputermanchine,"pm, fpmcmain-mandarc, act-ii",from an Elder to a Younger,2025-02-05 11:18,,
fpmc-act-02/2020-09-05-trelaine-shootTheDog.md,2020-09-05 11:07,TRELAINE 003: Shoot the Dog,femputermanchine,"etc, fpmcmain-trelaine, act-ii","a letter of sorts, an announcement, an obit(uary)",2021-11-03 14:39,,
fpmc-act-02/2020-09-03-avael-nearsighted.md,2020-09-03 18:40,AVAEL 008: Nearsighted,femputermanchine,"etc, fpmcmain-avael, act-ii",A SINGLE TIMELINE,2021-11-03 14:37,,
fpmc-act-02/2020-09-03-mandarc-moonbeam.md,2020-09-03 12:12,MANDARC 005: Moonbeam,femputermanchine,"etc, fpmcmain-mandarc, act-ii","to my Main Woman, the girl Friday Perkins",2021-11-03 14:36,,
fpmc-act-02/2020-08-30-cedric-chintzy.md,2020-09-01 09:15,CEDRIC 009: Chintzy,femputermanchine,"skit, fpmcmain-cedric, act-ii",in which Cedric buys a leash,2021-11-03 14:01,,
fpmc-act-02/2020-08-30-cedric-wheresMyCar.md,2020-08-30 06:42,CEDRIC 008: Where's My Car?,femputermanchine,"skit, fpmcmain-cedric, act-ii",in which Cedric arises from a daymare about the family car,2021-11-17 14:52,,
fpmc-act-02/2020-08-28-cedric-localLibrary.md,2020-08-28 13:41,CEDRIC 007: Local Library,femputermanchine,"pm, fpmcmain-cedric, act-ii",in which Cedric tattles on Alexander,2020-08-28 13:41,,
fpmc-act-02/2020-08-25-myrtle-apronStrings.md,2020-08-25 08:42,MYRTLE 009: Apron Strings,femputermanchine,"pm, fpmcmain-myrtle, act-ii",Ask for Advice,2021-11-03 14:33,,
fpmc-act-02/2020-08-24-kevin-confession.md,2020-08-24 22:31,KEVIN 016: Confession,femputermanchine,"skit, fpmcmain-kevin, act-ii",the Beginning of the Mystery,2021-11-24 10:06,,
fpmc-act-02/2020-08-21-goth-showMeYourTeeth.md,2020-08-21 19:42,GOTH 002: Show Me Your Teeth,femputermanchine,"skit, fpmcmain-goth, act-ii","Lenny, 'the Patient' Dentist",2021-11-24 09:57,,
sb/2020-08-21-13.md,2020-08-21 15:29,13,sophieblue,"dreams, pop-culture",familiar fears,2020-08-21 15:29,,
fpmc-act-02/2020-08-20-goth-darkWeb.md,2020-08-20 17:46,GOTH 001: Dark Web,femputermanchine,"skit, fpmcmain-goth, act-ii","Bella, the Good",2021-11-24 09:55,,
sb/2020-08-17-12.md,2020-08-17 03:23,12,sophieblue,,a Dream,2020-08-17 03:59,,
fpmc-act-02/2020-06-09-straud-adverse.md,2020-06-09 09:45,STRAUD 009: Adverse,femputermanchine,"skit, fpmcmain-straud, act-ii",in which Vladislaus Straud considers Mortimer Goth,2022-01-19 14:19,,
warcraft/2020-04-29-fineus-trash01.md,2020-04-29 14:36,Fineus trashlog,warcraft,trash,"tonight, I'm cleanin' out my closet",2020-04-29 14:37,,
recipe/2020-04-19-chocchipcookies2.md,2020-04-19 14:44,Cookie: Chocolate Chip II,recipe,"wheat, butter, eggs, sugar",Cookie Monster' cookie (om-nom-nom-nom-nom...),2020-04-19 15:04,,
harmonicmean/2020-04-19-pt2-001.md,2020-04-19 09:59,Part 2: Chapter 1,harmonicmean,hm,When Roy opens his eyes...,2020-04-19 09:59,,
sb/2020-04-12-11.md,2020-04-12 10:33,11,sophieblue,sb,in which Sophie dreaming dreams,2020-04-12 12:47,,
warcraft/2020-04-07-trrask-guilt.md,2020-04-07 14:33,Guns 'r' Red,warcraft,,,2020-04-07 14:44,,
warcraft/2020-04-06-tbc-ok-but-no-more.md,2020-04-06 13:22,TBC: If you must. But that's IT.,warcraft,"opinion, ooc","I hear that Blizzard is polling the community about their interest in reviving a playable copy of the Burning Crusade. Assuming it's implemented similarly to WoW: Classic, I say, 'Sure, if you must.' I don't think we need it. But if you want it that badly, do it, but that's all you get. For'rll.",2020-04-12 18:24,,
recipe/2020-04-06-perfect-pancakes-iii.md,2020-04-06 08:42,Pancakes: PPP ä¸,recipe,"wheat, butter, eggs, milk, plant-milk, sugar",I am trying to create a fluffy pancake from basic ingredients. Batter should be smooth and cook up quickly. Finished product should be mostly dry inside but form a distinct 'cake' with enough protein to resist crumbling.,2020-04-12 17:34,,
sb/2020-03-20-10.md,2020-03-20 10:34,10,sophieblue,sb,in which Sophie goes to work,2020-03-20 11:16,,
recipe/2020-03-13-meatpie-01.md,2020-03-13 18:53,Pie: 2Ï/2,recipe,"butter, wheat, cornstarch, pie",meatpie one to give one to keep,2020-03-14 10:48,,
harmonicmean/2020-03-03-pt2-000.md,2020-03-03 13:16,Part 2: Chapter 0,harmonicmean,hm,the Golden Child,2020-04-19 10:32,,
warcraft/2020-03-02-fineus-upperclassman.md,2020-03-02 18:23,Dear Fineus,warcraft,tales,take better care of your records,2020-03-02 19:41,,
harmonicmean/2020-03-01-pt1ch9.md,2020-03-01 14:46,Part 1: Chapter 9,harmonicmean,hm,in which Roy in twilight struggles,2020-04-19 10:32,,
warcraft/2020-02-29-llthander-selene.md,2020-02-29 20:35,"L. Sunstrider, add'n",warcraft,tales,he received 1,2020-02-29 20:49,,
warcraft/2020-02-29-llthander-ma.md,2020-02-29 09:18,L. Sunstrider,warcraft,tales,requested copies,2020-02-29 10:13,,
warcraft/2020-02-28-zhang-math01.md,2020-02-28 15:06,Zhang's Math 01,warcraft,calc,PO# B-001 : fel iron musket,2020-02-28,,
warcraft/2020-02-28-birthright-restored-1.md,2020-02-28 08:19,Birthright Restored 1,warcraft,tales,Eriolanna alights!,2020-02-28 3:00,,
harmonicmean/2020-02-26-pt1ch8.md,2020-02-26 11:05,Part 1: Chapter 8,harmonicmean,hm,in which Roy brings groceries to the house,2020-04-19 10:32,,
warcraft/2020-02-25-trrask-bioBfA.md,2020-02-25 10:49,Trrask,warcraft,bio,Hero of the Weston Coup,2020-02-25 11:01,,
warcraft/2020-02-25-calandrath-bioBfA.md,2020-02-25 10:27,"Calandrath, Mk II",warcraft,bio,diplomat to the Mecha-Gnomes,2020-02-25 10:44,,
warcraft/2020-02-25-eriolanna-bioBfA.md,2020-02-25 10:03,AÃ¯'ree a'Lana,warcraft,bio,currently researching strange dust,2020-02-25 10:24,,
warcraft/2020-02-24-zhang-bioBfA.md,2020-02-24 13:23,å¼ ,warcraft,bio,Black Temple timewalking,2020-02-24 13:29,,
warcraft/2020-02-24-avaelle-bioBfA.md,2020-02-24 10:44,Avaelle,warcraft,bio,location unknown,2020-02-24 10:56,,
warcraft/2020-02-24-fineus-bioBfA.md,2020-02-24 09:51,Fineus,warcraft,bio,currently researching out of Zandalar,2020-02-24 10:19,,
harmonicmean/2020-02-23-capacitriste.md,2020-02-23 09:50,Capacitriste,harmonicmean,capacitriste-bio,from the 21Âº&aÂ½ century,2020-02-23 10:58,,
harmonicmean/2020-02-22-pt1ch7.md,2020-02-22 09:09,Part 1: Chapter 7,harmonicmean,hm,in which Roy prepares to drive a long way,2020-04-19 10:32,,
harmonicmean/2020-02-21-pt1ch6.md,2020-02-21 08:50,Part 1: Chapter 6,harmonicmean,hm,in which Roy fights against dog hair,2020-04-19 10:32,,
harmonicmean/2020-02-19-pt1ch5.md,2020-02-19 09:40,Part 1: Chapter 5,harmonicmean,hm,in which Roy idles at LGA,2020-04-19 10:32,,
harmonicmean/2020-02-19-pt1ch4.md,2020-02-19 09:19,Part 1: Chapter 4,harmonicmean,hm,in which Roy draws a bus route,2020-04-19 10:32,,
harmonicmean/2020-02-10-pt1ch3.md,2020-02-10 13:27,Part 1: Chapter 3,harmonicmean,hm,in which Roy fights addiction,2020-04-19 10:32,,
updates/2020-02-03-github-issues-comments.md,2020-02-03 10:54,Adding Comments to Jekyll Github-hosted blog with Github Issues,updates,"jekyll, github, how-to, comments",A summary of how I added comments to my Github-hosted blog; albeit by requiring people to use a Github-account to interact with the comment-page,2020-02-03 10:54,,
recipe/2020-01-28-apple-blackberry-pie.md,2020-01-28 11:19,Pie: Apple Blackberry,recipe,"wheat, rye, butter, corn",first try AP->rye,2020-02-03 12:00,,
harmonicmean/2019-12-13-pt1ch2.md,2019-12-13 10:25,Part 1: Chapter 2,harmonicmean,hm,in which Roy's mind drifts toward cynicism,2020-04-19 10:32,,
harmonicmean/2019-12-12-pt1ch1.md,2019-12-12 11:44,Part 1: Chapter 1,harmonicmean,hm,in which Roy bids adieu to his wife,2020-04-19 10:32,,
sb/2019-11-21-9.md,2019-11-21 09:11,9,sophieblue,sb,in which Sophie starts her day,2020-03-20 11:20,,
warcraft/2019-11-12-that-spam-wont-kill-when-its-clutch.md,2019-11-12 10:14,That Spam Won't Kill When It's Clutch,warcraft,song-lyrics,a WoW parody of That Don't Impress Me Much by Shania Twain,2019-11-12 10:14,,
fpmc-act-02/2019-09-19-straud-noDinnerEatersGang.md,2019-09-19 19:19,STRAUD 008: No Dinner Eaters Gang,femputermanchine,"skit, fpmcmain-straud, act-ii",in which Vladislaus Straud converses with Roxanne Schwartz and her book club,2022-01-25 09:34,,
harmonicmean/2019-09-16-pt1ch0.md,2019-09-16 17:57,Part 1: Chapter 0,harmonicmean,hm,audio enclosed,2020-04-19 10:32,,
updates/2019-09-12-fortnite-and-feminism.md,2019-09-12 13:16,Fortnite & Feminism,updates,"current-events, gender-politics",a musing opinion on possible causes of low female population in professional game players,2019-09-12 13:16,,
warcraft/2019-07-01-nostalgik.md,2019-07-01 16:55,Nostalgik,warcraft,song-lyrics,a WoW parody of Ironic by Alanis Morissette,2019-07-01 16:55,,
warcraft/2019-06-30-fort-me-priesty.md,2019-06-30 23:21,"Fort me, Priesty, One More Time",warcraft,song-lyrics,a WoW parody of Hit Me Baby by Britney Spears,2019-06-30 23:21,,
sb/2019-02-04-8.md,2019-02-04 16:21,8,sophieblue,sb,in which Sophie is chided for dawdling,2019-02-04 16:39,,
sb/2019-01-13-7.md,2019-01-13 13:46,7,sophieblue,sb,in which Sophie makes a comparison between History and Fantasy,2019-01-13 13:46,,
sb/2019-01-10-6.md,2019-01-10 12:28,6,sophieblue,sb,in which Sophie is approached by a curious observer,2019-01-10 12:28,,
sb/2019-01-09-5.md,2019-01-09 19:06,5,sophieblue,sb,in which Sophie recants old guilts,2019-01-09 19:06,,
fpmc-act-02/2018-12-31-perkins-assured.md,2018-12-31 22:19,PERKINS 003: Assured,femputermanchine,"skit, fpmcmain-perkins, act-ii",in which Friday Perkins encounters a den of the Vampire,2022-01-24 10:20,,
warcraft/2018-11-29-eskimofrenzy.md,2018-11-29 15:41,Eskimofrenzy,warcraft,song-lyrics,a WoW parody of Eleanor Rigby by the Beatles,2018-11-29 15:41,,
warcraft/2018-11-26-my-sylvanas.md,2018-11-26 14:21,My Sylvanas,warcraft,song-lyrics,a WoW parody of My Sharona by The Knack,2018-11-26 14:21,,
fpmc-act-02/2018-11-19-mandarc-preach.md,2018-11-19 09:16,MANDARC 004: Preach,femputermanchine,"skit, fpmcmain-mandarc, act-ii",in which Mandarc arises from the bed the next morning,2022-01-21 09:17,,
fpmc-act-02/2018-11-18-perkins-ambiance.md,2018-11-18 10:29,PERKINS 002: Ambiance,femputermanchine,"skit, fpmcmain-perkins, act-ii",in which Friday Perkins tries to act normal at Widowshild,2022-01-20 10:30,,
fpmc-act-02/2018-11-17-cedric-bienvenue.md,2018-11-17 19:52,CEDRIC 006: Bienvenue,femputermanchine,"skit, fpmcmain-cedric, act-ii",in which Cedric stands watch over Widowshild,2022-01-05 09:03,,
fpmc-act-02/2018-11-16-mandarc-adieu.md,2018-11-16 18:12,MANDARC 003: Adieu,femputermanchine,"skit, fpmcmain-mandarc, act-ii",in which Friday moves out of her temporary stay in Alphabet City,2022-01-04 14:19,,
sb/2018-11-16-4.md,2018-11-16 13:06,4,sophieblue,sb,Sophie waits,2018-11-16 13:06,,
sb/2018-11-14-3.md,2018-11-14 15:21,3,sophieblue,sb,Sophie defragments old dataset,2018-11-15 16:32,,
sb/2018-11-12-2.md,2018-11-13 19:10,2,sophieblue,sb,Sophie looks back,2018-11-13 19:10,,
sb/2018-11-12-1.md,2018-11-12 19:14,1,sophieblue,sb,Sophie complies,2018-11-13 18:33,,
fpmc-act-02/2018-11-12-straud-correction.md,2018-11-12 09:22,STRAUD 007: Correction,femputermanchine,"skit, fpmcmain-straud, act-ii","in which Cedric, Straud crash Mandarc's date",2021-11-12 15:12,,
fpmc-act-02/2018-11-10-mandarc-courtship.md,2018-11-10 19:33,MANDARC 002: Courtship,femputermanchine,"skit, fpmcmain-mandarc, act-ii",in which Mandarc and Friday meet for drinks at the Blue Velvet,2021-11-10 15:31,,
fpmc-act-02/2018-11-09-perkins-curiosity.md,2018-11-09 10:12,PERKINS 001: Curiosity,femputermanchine,"skit, fpmcmain-perkins, act-ii",in which Perkins schmoozes with the Matron Marscapone,2021-11-09 14:04,,
fpmc-act-02/2018-11-08-mandarc-stoopKid.md,2018-11-08 09:09,MANDARC 001: Stoop Kid,femputermanchine,"skit, fpmcmain-mandarc, act-ii",in which Friday Perkins make her first reappearance at the Magicademy in quite some time,2021-11-08 14:41,,
fpmc-act-02/2018-10-31-straud-thisIsHalloween.md,2018-10-31 14:13,STRAUD 006: This is Halloween,femputermanchine,"skit, fpmcmain-straud, act-ii",in which Straud has converted Eliza Pancakes but not her husband,2022-01-22 14:58,,
warcraft/2018-10-05-beginning-elf.md,2018-10-05 13:36,Elf,warcraft,ooc,E.vil L.ittle F.airies,2018-10-05 13:36,,
warcraft/2018-09-20-craft-work.md,2018-09-20 11:15,Entertainment Update: Fall 2018,warcraft,ooc,"Fair thee well, âCRAFT-work",2018-09-20 11:15,,
recipe/2018-09-14-banana-muffins-a-study.md,2018-09-14 14:11,Cake: Banana Muffins,recipe,"wheat, butter, eggs",third times the charm,2018-09-14 14:11,,
recipe/2018-06-09-cornbread-ii.md,2018-06-09 20:00,Cake: Cornbread II,recipe,"corn, wheat, butter, eggs",an improvement after some testing,2018-06-10 14:45,,
recipe/2018-05-17-classic-chocolate-chip-cookies.md,2018-05-17 14:45,Cookie: Chocolate Chip,recipe,"wheat, butter, eggs",v1 of the old standby,2018-05-17 14:45,,
recipe/2018-05-06-perfect-pancakes-ii.md,2018-05-06 15:41,Pancakes: PPP II,recipe,"quick-bread, wheat, milk, butter, eggs",revision to 2017 recipe,2018-06-17 10:21,,
updates/2018-05-03-star-trek-disco-01-02.md,2018-05-03 11:42,ST: Discovery 01 & 02,updates,"star-trek, tv-reaction",Series originally about philosophical exploration has become weekly dose-o-melodrama,2018-05-04 09:18,,
fpmc-act-02/2018-04-21-rules-of-ghosting.md,2018-04-21 17:19,Rules of Ghosting,femputermanchine,,,2018-04-21 17:19,,
updates/2018-04-15-angels-and-exaggerations.md,2018-04-15 21:30,Angels and Exaggerations,updates,wrinkle-in-time,A Wrinkle in Time showcases human exceptionalism in its heroine,2018-04-15 22:30,,
updates/2018-04-09-death-of-the-jedi.md,2018-04-09 09:45,The Death of the Jedi,updates,"star-wars, character-analysis",Episodes VII & VIII deviate from the Hero's story,2018-04-09 21:13,,
warcraft/2017-10-23-pet-cheese.md,2017-10-23 08:52,WoW: Pet Battle Cheese,warcraft,ooc,Knowledge VS Power,2017-10-23 08:52,,
warcraft/2017-07-08-bt-10y-later.md,2017-07-08 07:32,WoW: Black Temple and Story-telling,warcraft,ooc,"Illidan and his demons, ten years later",2017-07-08 08:00,,
recipe/2017-02-26-perfect-pancakes-i.md,2017-02-26,Pancakes: PPP I,recipe,"quick-bread, wheat, milk, butter, eggs, sourdough-starter",fluffy pancakes fit for a king,2017-02-26 12:07,,
recipe/2015-12-06-cornbread.md,2015-12-06,Cake: Cornbread I,recipe,"bread, corn, wheat, milk, coconut-oil","not too cakey, not too dry",2015-12-06 23:00,,
recipe/2015-09-26-coffees-cake.md,2015-09-26,Cake: Cinnamon coffee-cake,recipe,"butter, egg, wheat, yogurt","this moist cake, covered, lasts a week at room temperature",2015-09-26 23:00,,
fpmc-act-02/2006-01-08-cedric-gifted.md,2006-01-08 20:40,CEDRIC 005: Gifted,femputermanchine,"skit, fpmcmain-cedric, act-ii",in which Cedric receives a new set of clothes,2021-12-13 12:41,,
fpmc-act-02/2006-01-01-kevin-humanCleric.md,2006-01-01 23:59,KEVIN 015: Human Cleric,femputermanchine,"skit, fpmcmain-kevin, act-ii",in which the trio rerolls to play with a new friend,2021-12-13 12:37,,
fpmc-act-02/2005-12-31-cedric-halfElfRanger.md,2005-12-31 23:59,CEDRIC 004: Half-Elf Ranger,femputermanchine,"skit, fpmcmain-cedric, act-ii",in which Cedric meets Svetlana Oborovsky,2021-12-03 13:28,,
fpmc-act-02/1998-04-25-cedric-spare.md,1998-04-25 20:48,CEDRIC 003: Spare,femputermanchine,"skit, fpmcmain-cedric, act-ii",in which Vincent pushes the point,2022-04-28 20:44,,
fpmc-act-02/1998-04-25-kevin-daffodil.md,1998-04-25 20:35,KEVIN 014: Daffodil,femputermanchine,"skit, fpmcmain-kevin, act-ii",in which Kevin tries to provide some solace,2022-04-28 14:55,,
fpmc-act-02/1998-04-24-cedric-jane.md,1998-04-24 03:15,CEDRIC 002: Jane,femputermanchine,"skit, fpmcmain-cedric, act-ii",in which Cedric awakens in the basement of the Magicademy,2022-04-27 13:51,,
fpmc-act-02/1998-04-24-kevin-calamity.md,1998-04-24 02:52,KEVIN 013: Calamity,femputermanchine,"skit, fpmcmain-kevin, act-ii",in which Kevin is made privy to the secret,2022-04-27 11:13,,
fpmc-act-02/1998-04-24-cedric-petitLapin.md,1998-04-24 01:23,CEDRIC 001: Petit Lapin,femputermanchine,"skit, fpmcmain-cedric, act-ii",in which Cedric is quickly forced into his first shapeshift,2022-01-10 14:28,,
fpmc-act-02/1998-04-23-myrtle-beyond.md,1998-04-23 23:59,MYRTLE 008: Beyond,femputermanchine,"skit, fpmcmain-myrtle, act-ii",in which Cedric becomes someone else's responsibility,2022-01-12 13:06,,
fpmc-act-02/1998-04-22-consent.md,1998-04-22 19:00,CEDRIC 000: Consent,femputermanchine,"fpmcmain-cedric, act-ii",damned either way,2021-11-03 14:23,,
fpmc-act-01/1995-03-19-kevin-familiar.md,1995-03-19 20:30,KEVIN 012: Familiar,femputermanchine,"skit, fpmcmain-kevin, act-i",in which the Marscapones enjoy some peace and quiet,2022-04-25 11:38,,
fpmc-act-01/1995-03-15-vincent-visit.md,1995-03-15 00:00,VINCENT 007: Visit,femputermanchine,"skit, fpmcmain-vincent, act-i",in which Trelaine's facility is breached,2022-04-23 20:35,,
fpmc-act-01/1995-03-10-straud-diminutive.md,1995-03-10 19:59,STRAUD 006: Diminutive,femputermanchine,"skit, fpmcmain-straud, act-i",in which Straud spies on Trelaine's security system,2022-04-23 19:49,,
fpmc-act-01/1995-03-06-kevin-programming.md,1995-03-06 08:00,KEVIN 011: Programming,femputermanchine,"skit, fpmcmain-kevin, act-i",in which Kevin is left alone with the Nurse,2022-04-22 12:09,,
fpmc-act-01/1995-03-05-myrtle-unease.md,1995-03-05 01:00,MYRTLE 007: Unease,femputermanchine,"skit, fpmcmain-myrtle, act-i",in which Myrtle vents her discomfort over a discussion of violence,2022-04-03 18:27,,
fpmc-act-01/1995-03-05-straud-anOldChum.md,1995-03-05 00:00,STRAUD 005: An Old Chum,femputermanchine,"skit, fpmcmain-straud, act-i",in which Straud brings an associate to explore business with the Marscapones,2022-03-28 14:15,,
fpmc-act-01/1995-03-03-kevin-ratio.md,1995-03-03 18:00,KEVIN 010: Ratio,femputermanchine,"skit, fpmcmain-kevin, act-i",in which Trelaine strikes close to home,2022-02-25 17:54,,
fpmc-act-01/1995-03-03-vincent-fortitude.md,1995-03-03 00:00,VINCENT 006: Fortitude,femputermanchine,"skit, fpmcmain-vincent, act-i",in which Vincent seeks reassurance,2022-02-24 09:24,,
fpmc-act-01/1995-03-02-kevin-fruit.md,1995-03-02 18:00,KEVIN 009: Fruit,femputermanchine,"skit, fpmcmain-kevin, act-i",in which Kevin complains about his dietary provisions,2022-02-22 10:45,,
fpmc-act-01/1995-03-02-straud-connexion.md,1995-03-02 00:00,STRAUD 004: Connexion,femputermanchine,"skit, fpmcmain-straud, act-i",in which Straud checks in on the Marscapone family,2022-02-16 12:20,,
fpmc-act-01/1995-03-01-kevin-vestigial.md,1995-03-01 18:00,KEVIN 008: Vestigial,femputermanchine,"skit, fpmcmain-kevin, act-i",in which Trelaine checks up on Kevin following his procedure,2022-02-15 11:10,,
fpmc-act-01/1995-03-01-myrtle-toChide.md,1995-03-01 05:55,MYRTLE 006: To Chide,femputermanchine,"skit, fpmcmain-myrtle, act-i",in which Myrtle reflects on the home's allies,2022-02-15 09:31,,
fpmc-act-01/1995-03-01-vincent-center.md,1995-03-01 00:00,VINCENT 005: Center,femputermanchine,"skit, fpmcmain-vincent, act-i",in which Vincent reconvenes with his wife Myrtle,2022-02-14 10:37,,
fpmc-act-01/1995-02-28-kevin-schedule.md,1995-02-28 09:31,KEVIN 007: Schedule,femputermanchine,"skit, fpmcmain-kevin, act-i",in which Trelaine makes an unexpected appearance at breakfast,2022-02-14 09:32,,
fpmc-act-01/1995-02-27-kevin-cold.md,1995-02-27 18:32,KEVIN 006: Cold,femputermanchine,"skit, fpmcmain-kevin, act-i",in which Kevin has contracted a small cold,2022-02-11 09:41,,
fpmc-act-01/1995-02-26-vincent-apologies.md,1995-02-26 00:00,VINCENT 004: Apologies,femputermanchine,"skit, fpmcmain-vincent, act-i",in which Vincent has flown a long way from home,2022-02-11 09:25,,
fpmc-act-01/1995-02-25-kevin-inquisition.md,1995-02-25 15:45,KEVIN 005: Inquisition,femputermanchine,"skit, fpmcmain-kevin, act-i",in which Kevin asks questions of his captors,2022-02-10 13:59,,
fpmc-act-01/1995-02-25-vincent-hindsight.md,1995-02-25 04:13,VINCENT 003: Hindsight,femputermanchine,"skit, fpmcmain-vincent, act-i",in which Vincent expresses doubt in himself,2022-02-09 10:49,,
fpmc-act-01/1995-02-24-kevin-foreignPower.md,1995-02-24 17:27,KEVIN 004: Foreign Power,femputermanchine,"skit, fpmcmain-kevin, act-i",in which Trelaine talks politics with Kevin,2022-02-07 09:32,,
fpmc-act-01/1995-02-24-straud-lunarLight.md,1995-02-24 14:51,STRAUD 003: Lunar Light,femputermanchine,"skit, fpmcmain-straud, act-i",in which Straud gives lecture to the Orphans,2022-02-07 09:38,,
fpmc-act-01/1995-02-23-kevin-abstention.md,1995-02-23 17:05,KEVIN 003: Abstention,femputermanchine,"skit, fpmcmain-kevin, act-i",in which Kevin has a night to himself in the library,2022-02-07 09:27,,
fpmc-act-01/1995-02-23-myrtle-willyNilly.md,1995-02-23 00:05,MYRTLE 005: Willy-Nilly,femputermanchine,"skit, fpmcmain-myrtle, act-i",in which Myrtle feels powerless to help her son,2022-02-07 10:03,,
fpmc-act-01/1995-02-23-vincent-echo.md,1995-02-23 00:00,VINCENT 002: Echo,femputermanchine,"skit, fpmcmain-vincent, act-i",in which Straud receives a firm vision,2022-02-04 13:59,,
fpmc-act-01/1995-02-22-myrtle-unsupervised.md,1995-02-22 15:11,MYRTLE 004: Unsupervised,femputermanchine,"skit, fpmcmain-myrtle, act-i",in which Myrtle listlessly looks after her Orphans,2022-02-03 15:12,,
fpmc-act-01/1995-02-22-kevin-invitation.md,1995-02-22 09:26,KEVIN 002: Invitation,femputermanchine,"skit, fpmcmain-kevin, act-i",in which Kevin talks little green men with the Doctor,2022-02-03 09:27,,
fpmc-act-01/1995-02-22-straud-within.md,1995-02-22 00:00,STRAUD 002: Within,femputermanchine,"skit, fpmcmain-straud, act-i",in which Straud enumerates his suspicions against an old rival,2022-02-02 11:42,,
fpmc-act-01/1995-02-21-vincent-without.md,1995-02-21 19:00,VINCENT 001: Without,femputermanchine,"skit, fpmcmain-vincent, act-i",in which Vincent is alerted to his son's disappearance,2022-02-15 09:14,,
fpmc-act-01/1995-02-21-kevin-trick.md,1995-02-21 13:33,KEVIN 001: Trick,femputermanchine,"skit, fpmcmain-kevin, act-i",in which Kevin opens the door of the Marscapone School of Magic,2022-02-02 11:29,,
updates/1992-12-16-on-todays-youth-from-an-oldtimer.md,1992-12-16 12:06,"On today's youth, from an oldtimer",updates,fpmc,found in the little old desk,2020-05-22 20:26,,
updates/1986-12-11-the-user.md,1986-12-11 13:59,What am I?,updates,floating-memory,what is a write's right,2020-05-22 20:10,,
fpmc-act-00/1977-11-05-vatore-malus.md,1977-11-05 11:58,VATORE 001: Malus,femputermanchine,"etc, fpmcmain-vatore, act-0",in which Vatore leaves a note inside Straud's mailbox,2021-11-05 11:58,,
fpmc-act-00/1976-04-27-trelaine-monkeyMeasles.md,1976-04-27 14:05,TRELAINE 001: Monkey Measles,femputermanchine,"jim, fpmcmain-trelaine, act-0",damned either way,2021-11-03 14:21,,
fpmc-act-00/1965-11-19-straud-flowerpower.md,1965-11-19 10:53,STRAUD 001: Flower Power,femputermanchine,"skit, fpmcmain-straud, act-0",in which Straud visits Sebastian's small family,2021-11-15 14:17,,
fpmc-act-00/1924-11-26-myrtle-ragamuffin.md,1924-11-26 19:50,MYRTLE 003: Ragamuffin,femputermanchine,"skit, fpmcmain-myrtle, act-0",in which Myrtle discusses the parade with her husband,2021-11-23 14:31,,
fpmc-act-00/1908-10-26-myrtle-spookyAction.md,1908-10-26 11:04,MYRTLE 002: Spooky Action,femputermanchine,"skit, fpmcmain-myrtle, act-0",in which Myrtle suspects magnetic interference,2021-11-17 15:26,,
fpmc-act-00/1905-06-28-myrtle-humidity.md,1905-06-28 10:00,MYRTLE 001: Humidity,femputermanchine,"fpmcmain-myrtle, act-0",in which a strange lady visits SOO TOWNHOME,2021-12-22 10:50,,
fpmc-act-00/1847-12-22-avael-curseOfAgony.md,1847-12-22 21:40,AVAEL 007: Curse of Agony,femputermanchine,"skit, fpmcmain-avael, act-0",in which Avaelle arises in the Crimson Tower,2021-12-22 14:34,,
fpmc-act-00/1847-12-20-avael-tradition.md,1847-12-20 21:38,AVAEL 006: Tradition,femputermanchine,"skit, fpmcmain-avael, act-0",in which Avaelle is healed of her wounds,2021-12-21 14:37,,
fpmc-act-00/1839-12-17-avael-varnish.md,1839-12-17 17:22,AVAEL 005: Varnish,femputermanchine,"skit, fpmcmain-avael, act-0",in which Dr. TRELAINE brings unfortunate news to the family,2021-12-17 09:23,,
fpmc-act-00/1839-10-21-avael-avoidance.md,1839-10-21 10:08,AVAEL 004: Avoidance,femputermanchine,"skit, fpmcmain-avael, act-0",in which the houseguest keeps strange hours,2021-11-03 14:17,,
fpmc-act-00/1839-10-20-avael-sunday.md,1839-10-20 09:56,AVAEL 003: Sunday,femputermanchine,"skit, fpmcmain-avael, act-0",in which Avaelle speaks of the trouble with life at Easton House,2021-11-03 14:16,,
fpmc-act-00/1839-10-19-avael-tatters.md,1839-10-19 09:51,AVAEL 002: Tatters,femputermanchine,"skit, fpmcmain-avael, act-0",in which Mr. Easton and Maurice are deathly ill,2021-11-03 14:15,,
fpmc-act-00/1831-06-24-weaslie-disagreements.md,1831-06-24 12:00,WEASLIE 001: Disagreements,femputermanchine,"fpmcmain-weaslie, act-0","in which Straud, Weaslie debate the painting's purchase",2021-11-03 14:13,,
fpmc-act-00/1831-06-23-avael-eleven.md,1831-06-23 12:00,AVAEL 001: Eleven,femputermanchine,"fpmcmain-avael, act-0","in which Straud, at Easton House, first meets A.Easton",2021-11-03 14:12,,
